<?xml version="1.0"?>
<ESBTopic xmlns:xsd="http://www.w3.org/2001/XMLSchema" xmlns:xsi="http://www.w3.org/2001/XMLSchema-instance">
  <Id>acb79f0a-64d4-404a-b79b-29cc5d7fbcf8</Id>
  <Version>185ef75f-527a-4f0c-abd4-66ee90f79490</Version>
  <BusinessFlows />
  <Description />
  <Name>X12</Name>
  <Group>General</Group>
  <IsSystemObject>false</IsSystemObject>
  <_auditFailureDetailVerbose>true</_auditFailureDetailVerbose>
  <_auditMessageProperties>true</_auditMessageProperties>
  <_auditMessageBody>true</_auditMessageBody>
  <ThrottleType>None</ThrottleType>
  <ThrottleValue>0</ThrottleValue>
  <CompressionType>Never</CompressionType>
  <CompressionSize>20</CompressionSize>
  <CompressionUnit>MB</CompressionUnit>
  <Hierarchy>
    <Subtopic>
      <Name>X12.Partner.Configure</Name>
      <Description />
    </Subtopic>
    <Subtopic>
      <Name>X12.Agreement.Configure</Name>
      <Description />
    </Subtopic>
    <Subtopic>
      <Name>X12.Agreement.Validate</Name>
      <Description />
    </Subtopic>
    <Subtopic>
      <Name>X12.Inbound</Name>
      <Description />
    </Subtopic>
    <Subtopic>
      <Name>X12.Outbound</Name>
      <Description />
    </Subtopic>
  </Hierarchy>
  <TopicGroup>General</TopicGroup>
  <Zone>Enterprise</Zone>
  <ChannelType>wcf/pipe</ChannelType>
  <ChannelProperties>
    <NameValuePair>
      <Name>AllowOutputBatching</Name>
      <Value>False</Value>
    </NameValuePair>
    <NameValuePair>
      <Name>ClientPoolSize</Name>
      <Value>100</Value>
    </NameValuePair>
    <NameValuePair>
      <Name>CloseTimeout</Name>
      <Value>60</Value>
    </NameValuePair>
    <NameValuePair>
      <Name>LogNoRecipient</Name>
      <Value>True</Value>
    </NameValuePair>
    <NameValuePair>
      <Name>MaxBufferPoolSize</Name>
      <Value>524288</Value>
    </NameValuePair>
    <NameValuePair>
      <Name>MaxConcurrentCalls</Name>
      <Value>208</Value>
    </NameValuePair>
    <NameValuePair>
      <Name>MaxConcurrentSessions</Name>
      <Value>800</Value>
    </NameValuePair>
    <NameValuePair>
      <Name>MaxConcurrentInstances</Name>
      <Value>1008</Value>
    </NameValuePair>
    <NameValuePair>
      <Name>MaxConnections</Name>
      <Value>200</Value>
    </NameValuePair>
    <NameValuePair>
      <Name>MaxReceivedMessageSize</Name>
      <Value>2147483647</Value>
    </NameValuePair>
    <NameValuePair>
      <Name>OpenTimeout</Name>
      <Value>60</Value>
    </NameValuePair>
    <NameValuePair>
      <Name>Secure</Name>
      <Value>False</Value>
    </NameValuePair>
    <NameValuePair>
      <Name>SendTimeout</Name>
      <Value>60</Value>
    </NameValuePair>
    <NameValuePair>
      <Name>Streaming</Name>
      <Value>False</Value>
    </NameValuePair>
  </ChannelProperties>
  <AuditBeforePublishPipelineExecutes>false</AuditBeforePublishPipelineExecutes>
  <AuditAfterReceivePipelineExecutes>false</AuditAfterReceivePipelineExecutes>
  <AsynchronousAudit>true</AsynchronousAudit>
  <AuditMessages>false</AuditMessages>
  <AuditWhenNoRecipients>false</AuditWhenNoRecipients>
  <AuditFailureDetailVerbose>true</AuditFailureDetailVerbose>
  <AuditMessageProperties>true</AuditMessageProperties>
  <AuditMessageBody>true</AuditMessageBody>
  <Enabled>true</Enabled>
  <Encrypted>false</Encrypted>
  <EncryptionMethod>(None)</EncryptionMethod>
  <EncryptionCredentials />
</ESBTopic>