<?xml version="1.0"?>
<ESBAdapterPolicy xmlns:xsd="http://www.w3.org/2001/XMLSchema" xmlns:xsi="http://www.w3.org/2001/XMLSchema-instance">
  <Id>d122228e-4ef0-454b-b1b4-fa428913a4ae</Id>
  <Version>16bcc6e0-63ff-4abd-aeaf-ab68e77f010e</Version>
  <BusinessFlows />
  <Description>Default adapter policy</Description>
  <Name>Default</Name>
  <Group>General</Group>
  <IsSystemObject>false</IsSystemObject>
  <RetryCount>1</RetryCount>
  <RetryInterval>1</RetryInterval>
  <OnErrorAuditToDatabase>false</OnErrorAuditToDatabase>
  <OnErrorAuditToFile>true</OnErrorAuditToFile>
  <OnErrorRepublishMessage>false</OnErrorRepublishMessage>
  <OnErrorRollback>false</OnErrorRollback>
  <RepublishTopic />
  <AlwaysAvailable>true</AlwaysAvailable>
  <StartAndStopAdapterAccordingToAvailability>true</StartAndStopAdapterAccordingToAvailability>
  <RollbackMessageExpirationSeconds>300</RollbackMessageExpirationSeconds>
  <RollbackDelaySeconds>60</RollbackDelaySeconds>
</ESBAdapterPolicy>