<?xml version="1.0"?>
<ESBServicePolicy xmlns:xsd="http://www.w3.org/2001/XMLSchema" xmlns:xsi="http://www.w3.org/2001/XMLSchema-instance">
  <Id>45aa416b-55a5-4dde-ae37-b0da13c34159</Id>
  <Version>ca6312c2-ecf5-423e-b5ba-065775248fb9</Version>
  <BusinessFlows />
  <Description>Default service policy</Description>
  <Name>Default</Name>
  <Group>General</Group>
  <IsSystemObject>false</IsSystemObject>
  <RequestReplyTimeout>60</RequestReplyTimeout>
  <RetryCount>1</RetryCount>
  <RetryInterval>1</RetryInterval>
  <OnErrorAuditToDatabase>false</OnErrorAuditToDatabase>
  <OnErrorAuditToFile>false</OnErrorAuditToFile>
  <OnErrorRepublishMessage>false</OnErrorRepublishMessage>
  <OnErrorRollback>false</OnErrorRollback>
  <RepublishTopic />
  <AlwaysAvailable>true</AlwaysAvailable>
  <InlcudeAsExceptions>false</InlcudeAsExceptions>
  <StartAndStopAdapterAccordingToAvailability>true</StartAndStopAdapterAccordingToAvailability>
  <HttpStatusCodes />
  <DoNotApplyPolicyIfFaultContract>false</DoNotApplyPolicyIfFaultContract>
  <RollbackMessageExpirationSeconds>300</RollbackMessageExpirationSeconds>
  <RollbackDelaySeconds>60</RollbackDelaySeconds>
</ESBServicePolicy>