<?xml version="1.0"?>
<ESBSubscriber xmlns:xsd="http://www.w3.org/2001/XMLSchema" xmlns:xsi="http://www.w3.org/2001/XMLSchema-instance">
  <Id>ef0a3fee-4edc-4b8b-b2b4-44a5f3ae59e8</Id>
  <Version>a105b9b8-aa5e-402a-b9f9-e8c355af8b8f</Version>
  <BusinessFlows />
  <Description />
  <Name>Pub.X12.Agreement.Configure</Name>
  <Group>General</Group>
  <IsSystemObject>false</IsSystemObject>
  <Bindings />
  <isAllowMultipleInstances>true</isAllowMultipleInstances>
  <UseUniqueWmiCounterName>false</UseUniqueWmiCounterName>
  <SubscriberId>Pub.X12.Agreement.Configure</SubscriberId>
  <ClientGroup>General</ClientGroup>
  <Zone>Enterprise</Zone>
  <Enabled>true</Enabled>
  <ACL />
  <Anonymous>true</Anonymous>
  <Subscriptions>
    <Subscription>
      <TopicName>X12.Agreement.Configure</TopicName>
      <CanRead>false</CanRead>
      <CanWrite>true</CanWrite>
      <SubscriptionType>Topic</SubscriptionType>
    </Subscription>
  </Subscriptions>
  <MessagePipelines>
    <ClientPipelineItem>
      <Id>aab7c005-c104-422e-a125-10a109c2c504</Id>
      <Version>24eac3db-f3fb-4177-82bd-69ef4d52e620</Version>
      <BusinessFlows />
      <Description />
      <Name>Process.EDI.Agreement.Configure</Name>
      <IsSystemObject>false</IsSystemObject>
      <ApplyOnPublish>true</ApplyOnPublish>
      <ApplyOnReceive>false</ApplyOnReceive>
      <PipelineConditions>
        <Id>8b643d4d-9578-4ae4-87ae-9b7372975d47</Id>
        <Version>ece10044-5bb5-4e84-870f-beb8af4ecffa</Version>
        <BusinessFlows />
        <Description />
        <IsSystemObject>false</IsSystemObject>
        <Condition />
      </PipelineConditions>
    </ClientPipelineItem>
  </MessagePipelines>
  <AllowMultipleInstances>true</AllowMultipleInstances>
  <LogActivity>false</LogActivity>
  <LogSession>true</LogSession>
</ESBSubscriber>