<?xml version="1.0"?>
<ESBZone xmlns:xsd="http://www.w3.org/2001/XMLSchema" xmlns:xsi="http://www.w3.org/2001/XMLSchema-instance">
  <Id>7ed7dd0b-a924-475c-ab1d-8ad6ae3df958</Id>
  <Version>a8af7109-1a84-465e-b994-7a95557d8bc3</Version>
  <BusinessFlows />
  <Description />
  <Name>Enterprise</Name>
  <IsSystemObject>false</IsSystemObject>
  <Enabled>true</Enabled>
  <Channels>
    <ESBChannelDescription>
      <Capabilities>
        <ChannelName>net/msmq</ChannelName>
        <Properties>
          <NameValuePair>
            <Name>Recoverable</Name>
            <Value>True</Value>
          </NameValuePair>
          <NameValuePair>
            <Name>TransactedPubSub</Name>
            <Value>True</Value>
          </NameValuePair>
          <NameValuePair>
            <Name>MaxBatchSize</Name>
            <Value>100</Value>
          </NameValuePair>
          <NameValuePair>
            <Name>RetryCycleDelay</Name>
            <Value>00:10:00</Value>
          </NameValuePair>
          <NameValuePair>
            <Name>ReceiveRetryCount</Name>
            <Value>3</Value>
          </NameValuePair>
          <NameValuePair>
            <Name>ReceiveErrorHandling</Name>
            <Value>Fault</Value>
          </NameValuePair>
          <NameValuePair>
            <Name>QueueTransferProtocol</Name>
            <Value>Native</Value>
          </NameValuePair>
          <NameValuePair>
            <Name>MaxRetryCycles</Name>
            <Value>3</Value>
          </NameValuePair>
          <NameValuePair>
            <Name>DeadLetterQueue</Name>
            <Value>System</Value>
          </NameValuePair>
          <NameValuePair>
            <Name>Direct</Name>
            <Value>False</Value>
          </NameValuePair>
          <NameValuePair>
            <Name>CustomDeadLetterQueue</Name>
            <Value />
          </NameValuePair>
          <NameValuePair>
            <Name>UsePublicQueues</Name>
            <Value>False</Value>
          </NameValuePair>
          <NameValuePair>
            <Name>TimeToLive</Name>
            <Value>1440</Value>
          </NameValuePair>
          <NameValuePair>
            <Name>MaxConcurrentCalls</Name>
            <Value>32</Value>
          </NameValuePair>
          <NameValuePair>
            <Name>MaxBufferPoolSize</Name>
            <Value>524288</Value>
          </NameValuePair>
          <NameValuePair>
            <Name>LogNoRecipient</Name>
            <Value>True</Value>
          </NameValuePair>
          <NameValuePair>
            <Name>AuthenticationMode</Name>
            <Value>None</Value>
          </NameValuePair>
          <NameValuePair>
            <Name>EncryptionAlgorithm</Name>
            <Value>RC4Stream</Value>
          </NameValuePair>
          <NameValuePair>
            <Name>ProtectionLevel</Name>
            <Value>None</Value>
          </NameValuePair>
          <NameValuePair>
            <Name>SecureHashAlgorithm</Name>
            <Value>MD5</Value>
          </NameValuePair>
          <NameValuePair>
            <Name>SecurityMode</Name>
            <Value>None</Value>
          </NameValuePair>
          <NameValuePair>
            <Name>AlgorithmSuite</Name>
            <Value>Default</Value>
          </NameValuePair>
          <NameValuePair>
            <Name>MessageCredentialType</Name>
            <Value>None</Value>
          </NameValuePair>
          <NameValuePair>
            <Name>Certificate</Name>
            <Value />
          </NameValuePair>
          <NameValuePair>
            <Name>DeadLettersEnabled</Name>
            <Value>True</Value>
          </NameValuePair>
          <NameValuePair>
            <Name>PoisonMessagesEnabled</Name>
            <Value>True</Value>
          </NameValuePair>
          <NameValuePair>
            <Name>OrderedDelivery</Name>
            <Value>False</Value>
          </NameValuePair>
          <NameValuePair>
            <Name>UsePolicyRetries</Name>
            <Value>False</Value>
          </NameValuePair>
          <NameValuePair>
            <Name>Policy</Name>
            <Value />
          </NameValuePair>
          <NameValuePair>
            <Name>RollbackMessageExpirationSeconds</Name>
            <Value>0</Value>
          </NameValuePair>
          <NameValuePair>
            <Name>SendTimeout</Name>
            <Value>60</Value>
          </NameValuePair>
          <NameValuePair>
            <Name>TransactionTimeout</Name>
            <Value>60</Value>
          </NameValuePair>
          <NameValuePair>
            <Name>FailedMessagePath</Name>
            <Value />
          </NameValuePair>
          <NameValuePair>
            <Name>MaxConcurrentSessions</Name>
            <Value>800</Value>
          </NameValuePair>
          <NameValuePair>
            <Name>MaxConcurrentInstances</Name>
            <Value>1008</Value>
          </NameValuePair>
        </Properties>
      </Capabilities>
      <ChannelName>net/msmq</ChannelName>
    </ESBChannelDescription>
    <ESBChannelDescription>
      <Capabilities>
        <ChannelName>wcf/tcp</ChannelName>
        <Properties>
          <NameValuePair>
            <Name>Reliable</Name>
            <Value>False</Value>
          </NameValuePair>
          <NameValuePair>
            <Name>Ordered</Name>
            <Value>False</Value>
          </NameValuePair>
          <NameValuePair>
            <Name>ClientPortBase</Name>
            <Value>61007</Value>
          </NameValuePair>
          <NameValuePair>
            <Name>ClientPortRange</Name>
            <Value>1000</Value>
          </NameValuePair>
          <NameValuePair>
            <Name>ServicePort</Name>
            <Value>50010</Value>
          </NameValuePair>
          <NameValuePair>
            <Name>AllowOutputBatching</Name>
            <Value>False</Value>
          </NameValuePair>
          <NameValuePair>
            <Name>Streaming</Name>
            <Value>False</Value>
          </NameValuePair>
          <NameValuePair>
            <Name>Secure</Name>
            <Value>False</Value>
          </NameValuePair>
          <NameValuePair>
            <Name>MaxConcurrentCalls</Name>
            <Value>208</Value>
          </NameValuePair>
          <NameValuePair>
            <Name>MaxConcurrentSessions</Name>
            <Value>800</Value>
          </NameValuePair>
          <NameValuePair>
            <Name>MaxConcurrentInstances</Name>
            <Value>1008</Value>
          </NameValuePair>
          <NameValuePair>
            <Name>OpenTimeout</Name>
            <Value>60</Value>
          </NameValuePair>
          <NameValuePair>
            <Name>SendTimeout</Name>
            <Value>60</Value>
          </NameValuePair>
          <NameValuePair>
            <Name>CloseTimeout</Name>
            <Value>60</Value>
          </NameValuePair>
          <NameValuePair>
            <Name>ListenBacklog</Name>
            <Value>1000</Value>
          </NameValuePair>
          <NameValuePair>
            <Name>MaxConnections</Name>
            <Value>200</Value>
          </NameValuePair>
          <NameValuePair>
            <Name>MaxBufferPoolSize</Name>
            <Value>524288</Value>
          </NameValuePair>
          <NameValuePair>
            <Name>MaxReceivedMessageSize</Name>
            <Value>2147483647</Value>
          </NameValuePair>
          <NameValuePair>
            <Name>ClientPoolSize</Name>
            <Value>100</Value>
          </NameValuePair>
          <NameValuePair>
            <Name>LogNoRecipient</Name>
            <Value>True</Value>
          </NameValuePair>
          <NameValuePair>
            <Name>InactivityTimeOut</Name>
            <Value>10</Value>
          </NameValuePair>
        </Properties>
      </Capabilities>
      <ChannelName>wcf/tcp</ChannelName>
    </ESBChannelDescription>
    <ESBChannelDescription>
      <Capabilities>
        <ChannelName>wcf/peer</ChannelName>
        <Properties>
          <NameValuePair>
            <Name>ClientBasePort</Name>
            <Value>50100</Value>
          </NameValuePair>
          <NameValuePair>
            <Name>ClientBasePortRange</Name>
            <Value>1000</Value>
          </NameValuePair>
          <NameValuePair>
            <Name>CleanupInterval</Name>
            <Value>300</Value>
          </NameValuePair>
          <NameValuePair>
            <Name>RefreshInterval</Name>
            <Value>120</Value>
          </NameValuePair>
        </Properties>
      </Capabilities>
      <ChannelName>wcf/peer</ChannelName>
    </ESBChannelDescription>
    <ESBChannelDescription>
      <Capabilities>
        <ChannelName>wcf/pipe</ChannelName>
        <Properties>
          <NameValuePair>
            <Name>AllowOutputBatching</Name>
            <Value>False</Value>
          </NameValuePair>
          <NameValuePair>
            <Name>ClientPoolSize</Name>
            <Value>100</Value>
          </NameValuePair>
          <NameValuePair>
            <Name>CloseTimeout</Name>
            <Value>60</Value>
          </NameValuePair>
          <NameValuePair>
            <Name>LogNoRecipient</Name>
            <Value>True</Value>
          </NameValuePair>
          <NameValuePair>
            <Name>MaxBufferPoolSize</Name>
            <Value>524288</Value>
          </NameValuePair>
          <NameValuePair>
            <Name>MaxConcurrentCalls</Name>
            <Value>208</Value>
          </NameValuePair>
          <NameValuePair>
            <Name>MaxConcurrentSessions</Name>
            <Value>800</Value>
          </NameValuePair>
          <NameValuePair>
            <Name>MaxConcurrentInstances</Name>
            <Value>1008</Value>
          </NameValuePair>
          <NameValuePair>
            <Name>MaxConnections</Name>
            <Value>200</Value>
          </NameValuePair>
          <NameValuePair>
            <Name>MaxReceivedMessageSize</Name>
            <Value>2147483647</Value>
          </NameValuePair>
          <NameValuePair>
            <Name>OpenTimeout</Name>
            <Value>60</Value>
          </NameValuePair>
          <NameValuePair>
            <Name>Secure</Name>
            <Value>False</Value>
          </NameValuePair>
          <NameValuePair>
            <Name>SendTimeout</Name>
            <Value>60</Value>
          </NameValuePair>
          <NameValuePair>
            <Name>Streaming</Name>
            <Value>False</Value>
          </NameValuePair>
        </Properties>
      </Capabilities>
      <ChannelName>wcf/pipe</ChannelName>
    </ESBChannelDescription>
    <ESBChannelDescription>
      <Capabilities>
        <ChannelName>amqp/rabbitmq</ChannelName>
        <Properties>
          <NameValuePair>
            <Name>DetectDuplicates</Name>
            <Value>False</Value>
          </NameValuePair>
          <NameValuePair>
            <Name>DetectDuplicatesWindow</Name>
            <Value>5</Value>
          </NameValuePair>
          <NameValuePair>
            <Name>ReportDuplicates</Name>
            <Value>False</Value>
          </NameValuePair>
          <NameValuePair>
            <Name>TransactionType</Name>
            <Value>None</Value>
          </NameValuePair>
          <NameValuePair>
            <Name>DeliveryMode</Name>
            <Value>NonPersistent</Value>
          </NameValuePair>
          <NameValuePair>
            <Name>ResubmitUnAcks</Name>
            <Value>False</Value>
          </NameValuePair>
          <NameValuePair>
            <Name>TimeToLive</Name>
            <Value>1440</Value>
          </NameValuePair>
          <NameValuePair>
            <Name>PreFetchBatchSize</Name>
            <Value>50</Value>
          </NameValuePair>
          <NameValuePair>
            <Name>BatchSizeConfirms</Name>
            <Value>50</Value>
          </NameValuePair>
          <NameValuePair>
            <Name>Inactivity</Name>
            <Value>1</Value>
          </NameValuePair>
          <NameValuePair>
            <Name>ConfirmTimeOut</Name>
            <Value>10</Value>
          </NameValuePair>
          <NameValuePair>
            <Name>Mandatory</Name>
            <Value>False</Value>
          </NameValuePair>
          <NameValuePair>
            <Name>SSLEnabled</Name>
            <Value>False</Value>
          </NameValuePair>
          <NameValuePair>
            <Name>SSLPort</Name>
            <Value>5671</Value>
          </NameValuePair>
          <NameValuePair>
            <Name>SSLProtocol</Name>
            <Value>Default</Value>
          </NameValuePair>
          <NameValuePair>
            <Name>SSLClientAuth</Name>
            <Value>False</Value>
          </NameValuePair>
          <NameValuePair>
            <Name>SSLCertificate</Name>
            <Value />
          </NameValuePair>
          <NameValuePair>
            <Name>SSLPassphrase</Name>
            <Value />
          </NameValuePair>
        </Properties>
      </Capabilities>
      <ChannelName>amqp/rabbitmq</ChannelName>
    </ESBChannelDescription>
  </Channels>
  <BootstrapServicePort>50000</BootstrapServicePort>
  <ManagementServicePort>50002</ManagementServicePort>
  <ControlServicePort>50004</ControlServicePort>
  <CacheServiceBasePort>50200</CacheServiceBasePort>
  <ResolverServicePort>50005</ResolverServicePort>
  <RelayServicePort>50006</RelayServicePort>
  <TcpPublishingStartPort>50010</TcpPublishingStartPort>
  <TcpPublishingEndPort>50100</TcpPublishingEndPort>
  <MsmqReceiveServicePort>50008</MsmqReceiveServicePort>
  <Clustered>false</Clustered>
  <QueueServer>fdesimone02</QueueServer>
  <ActiveDeploymentGroup>fdesimone02</ActiveDeploymentGroup>
  <ClientPollingIntervalSec>15</ClientPollingIntervalSec>
  <ClientReportingExpirationIntervalSec>60</ClientReportingExpirationIntervalSec>
  <ServicePollingIntervalSec>15</ServicePollingIntervalSec>
  <TCPPubSubClientBasePort>61000</TCPPubSubClientBasePort>
  <TCPPubSubClientPortRange>1000</TCPPubSubClientPortRange>
  <WorkflowQueueMaxCount>100</WorkflowQueueMaxCount>
  <EnableWMIClientCounters>true</EnableWMIClientCounters>
  <EnableWMINeuronEndpointCounters>true</EnableWMINeuronEndpointCounters>
  <BindingSettings>
    <MaxConcurrentCalls>104</MaxConcurrentCalls>
    <MaxConcurrentSessions>400</MaxConcurrentSessions>
    <MaxConcurrentInstances>504</MaxConcurrentInstances>
  </BindingSettings>
  <ZoneName>Enterprise</ZoneName>
  <EnablePortSharing>false</EnablePortSharing>
</ESBZone>