<?xml version="1.0"?>
<ESBService xmlns:xsd="http://www.w3.org/2001/XMLSchema" xmlns:xsi="http://www.w3.org/2001/XMLSchema-instance">
  <Id>14caded0-f8d6-41ce-ab7c-ce0ee2242c19</Id>
  <Version>1e791c4b-fe72-4880-adc8-38bbcf313a1d</Version>
  <BusinessFlows />
  <Description />
  <Name>ClientEP.X12.850</Name>
  <Group>General</Group>
  <IsSystemObject>false</IsSystemObject>
  <Bindings />
  <Topic />
  <Pattern>1</Pattern>
  <Properties />
  <MessagingPattern>Request-Reply</MessagingPattern>
  <ProxySettings>
    <HostConfigType>Default</HostConfigType>
    <CredentialConfigType>NotSpecified</CredentialConfigType>
    <Credential>&lt;Default&gt;</Credential>
    <Host />
    <Port>0</Port>
    <BypassLocalAddress>false</BypassLocalAddress>
  </ProxySettings>
  <Enabled>true</Enabled>
  <Zone>Enterprise</Zone>
  <ServiceName>ClientEP.X12.850</ServiceName>
  <ServiceGroup>General</ServiceGroup>
  <Behavior />
  <Binding>REST</Binding>
  <KeepAlive>true</KeepAlive>
  <TransactionType>None</TransactionType>
  <MaxMessageSize>1000000</MaxMessageSize>
  <ReliableMessaging>false</ReliableMessaging>
  <ConfigFile />
  <InboundPolling>false</InboundPolling>
  <OptimizeForLargeMessages>false</OptimizeForLargeMessages>
  <RawBody>false</RawBody>
  <ServiceThrottles>
    <MaxConcurrentCalls>104</MaxConcurrentCalls>
    <MaxConcurrentInstances>504</MaxConcurrentInstances>
    <MaxConcurrentSessions>400</MaxConcurrentSessions>
  </ServiceThrottles>
  <CertificateValidationMode>None</CertificateValidationMode>
  <CertificateRevocationMode>NoCheck</CertificateRevocationMode>
  <NegotiateServiceCredential>true</NegotiateServiceCredential>
  <EstablishSecurityContext>true</EstablishSecurityContext>
  <Contract />
  <Security>None</Security>
  <ServiceIdentityType>None</ServiceIdentityType>
  <ServicePrincipal />
  <ServiceType>Business</ServiceType>
  <ClientCredentialtype>Certificate</ClientCredentialtype>
  <Impersonation>false</Impersonation>
  <ClientConnectorId>dc5c3d0d-04e2-423f-93a8-5699fef7cb93</ClientConnectorId>
  <ClientUrl>http://localhost:8080/X12/850</ClientUrl>
  <RouteClientTraffic>true</RouteClientTraffic>
  <ClientTopic>X12.Inbound</ClientTopic>
  <UpdateMetadata>true</UpdateMetadata>
  <UseHttps>false</UseHttps>
  <EnableClientMetadataHttpEndpoint>false</EnableClientMetadataHttpEndpoint>
  <EnableClientMetadataHttpsEndpoint>false</EnableClientMetadataHttpsEndpoint>
  <ClientSubscriberId>Pub.Inbound.X12</ClientSubscriberId>
  <CaptureHeaders>false</CaptureHeaders>
  <CaptureHTTPHeaders>true</CaptureHTTPHeaders>
  <HttpConnectionLimit>100</HttpConnectionLimit>
  <EnableCors>false</EnableCors>
  <ClientCertName />
  <ACL />
  <AccessUrl />
  <RouteServiceTraffic>false</RouteServiceTraffic>
  <RestoreHeaders>true</RestoreHeaders>
  <RestoreHTTPHeaders>false</RestoreHTTPHeaders>
  <ServiceTopic />
  <ServiceSubscriberId />
  <ReuseServiceConnection>true</ReuseServiceConnection>
  <ServerCertName />
  <ServicePolicy>Default</ServicePolicy>
  <FailoverAddresses />
  <FarmSingleInstance>false</FarmSingleInstance>
</ESBService>