<?xml version="1.0"?>
<ESBService xmlns:xsd="http://www.w3.org/2001/XMLSchema" xmlns:xsi="http://www.w3.org/2001/XMLSchema-instance">
  <Id>217b08c4-67aa-4d27-8df5-7272b610b14d</Id>
  <Version>124f3a25-a00f-432f-886a-8ab9f48a3857</Version>
  <BusinessFlows />
  <Description />
  <Name>ServiceEP.X12.999</Name>
  <Group>General</Group>
  <IsSystemObject>false</IsSystemObject>
  <Bindings />
  <Topic />
  <Pattern>1</Pattern>
  <Properties />
  <MessagingPattern>Request-Reply</MessagingPattern>
  <ProxySettings>
    <HostConfigType>Default</HostConfigType>
    <CredentialConfigType>NotSpecified</CredentialConfigType>
    <Credential>&lt;Default&gt;</Credential>
    <Host />
    <Port>0</Port>
    <BypassLocalAddress>false</BypassLocalAddress>
  </ProxySettings>
  <Enabled>true</Enabled>
  <Zone>Enterprise</Zone>
  <ServiceName>ServiceEP.X12.999</ServiceName>
  <ServiceGroup>General</ServiceGroup>
  <Behavior />
  <Binding>REST</Binding>
  <KeepAlive>true</KeepAlive>
  <TransactionType>None</TransactionType>
  <MaxMessageSize>1000000</MaxMessageSize>
  <ReliableMessaging>false</ReliableMessaging>
  <ConfigFile />
  <InboundPolling>false</InboundPolling>
  <OptimizeForLargeMessages>false</OptimizeForLargeMessages>
  <RawBody>true</RawBody>
  <ServiceThrottles>
    <MaxConcurrentCalls>104</MaxConcurrentCalls>
    <MaxConcurrentInstances>504</MaxConcurrentInstances>
    <MaxConcurrentSessions>400</MaxConcurrentSessions>
  </ServiceThrottles>
  <CertificateValidationMode>None</CertificateValidationMode>
  <CertificateRevocationMode>NoCheck</CertificateRevocationMode>
  <NegotiateServiceCredential>true</NegotiateServiceCredential>
  <EstablishSecurityContext>true</EstablishSecurityContext>
  <Contract />
  <Security>None</Security>
  <ServiceIdentityType>None</ServiceIdentityType>
  <ServicePrincipal />
  <ServiceType>Business</ServiceType>
  <ClientCredentialtype>Certificate</ClientCredentialtype>
  <Impersonation>false</Impersonation>
  <ClientConnectorId>895908af-c8f5-4a82-b133-705b8a924e92</ClientConnectorId>
  <ClientUrl />
  <RouteClientTraffic>false</RouteClientTraffic>
  <ClientTopic />
  <UpdateMetadata>true</UpdateMetadata>
  <UseHttps>false</UseHttps>
  <EnableClientMetadataHttpEndpoint>false</EnableClientMetadataHttpEndpoint>
  <EnableClientMetadataHttpsEndpoint>false</EnableClientMetadataHttpsEndpoint>
  <ClientSubscriberId>Pub.X12.Partner.Configure</ClientSubscriberId>
  <CaptureHeaders>true</CaptureHeaders>
  <CaptureHTTPHeaders>false</CaptureHTTPHeaders>
  <HttpConnectionLimit>100</HttpConnectionLimit>
  <EnableCors>false</EnableCors>
  <ClientCertName />
  <ACL />
  <AccessUrl>http://localhost:8080/mock/999</AccessUrl>
  <RouteServiceTraffic>true</RouteServiceTraffic>
  <RestoreHeaders>false</RestoreHeaders>
  <RestoreHTTPHeaders>true</RestoreHTTPHeaders>
  <ServiceTopic />
  <ServiceSubscriberId>Pub.Outbound.X12</ServiceSubscriberId>
  <ReuseServiceConnection>true</ReuseServiceConnection>
  <ServerCertName />
  <ServicePolicy>Default</ServicePolicy>
  <FailoverAddresses />
  <FarmSingleInstance>false</FarmSingleInstance>
</ESBService>