<Interchange segment-terminator="~" element-separator="*" sub-element-separator=":">
  <ISA>
    <ISA01>00</ISA01>
    <ISA02>          </ISA02>
    <ISA03>00</ISA03>
    <ISA04>          </ISA04>
    <ISA05>ZZ</ISA05>
    <ISA06>TX3344556677888</ISA06>
    <ISA07>ZZ</ISA07>
    <ISA08>CIG112233445566</ISA08>
    <ISA09>170224</ISA09>
    <ISA10>1528</ISA10>
    <ISA11>U</ISA11>
    <ISA12>00401</ISA12>
    <ISA13>000000000</ISA13>
    <ISA14>0</ISA14>
    <ISA15>T</ISA15>
    <ISA16>:</ISA16>
  </ISA>
  <FunctionGroup>
    <GS>
      <GS01>RA</GS01>
      <GS02>TX3344556677888</GS02>
      <GS03>CIG112233445577</GS03>
      <GS04>20170224</GS04>
      <GS05>152846</GS05>
      <GS06>0</GS06>
      <GS07>X</GS07>
      <GS08>00401</GS08>
    </GS>
    <Transaction>
      <ST>
        <ST01>820</ST01>
        <ST02>000000001</ST02>
      </ST>
      <BPR>
        <BPR01>C</BPR01>
        <BPR02>3281.44</BPR02>
        <BPR03>C</BPR03>
        <BPR04>ACH</BPR04>
        <BPR05>CTX</BPR05>
        <BPR06>01</BPR06>
        <BPR07>3487432</BPR07>
        <BPR08>DA</BPR08>
        <BPR09>089345</BPR09>
        <BPR10>834523</BPR10>
        <BPR12>DA</BPR12>
        <BPR13>3248520</BPR13>
        <BPR14>DA</BPR14>
        <BPR15>982345</BPR15>
        <BPR16>20170217</BPR16>
      </BPR>
      <TRN>
        <TRN01>1</TRN01>
        <TRN02>9087487203452</TRN02>
      </TRN>
      <REF>
        <REF01>CK</REF01>
        <REF02>234</REF02>
      </REF>
      <DTM>
        <DTM01>007</DTM01>
        <DTM02>20170217</DTM02>
      </DTM>
      <Loop LoopID="N1" Name="Name">
        <N1>
          <N101>PE</N101>
          <N102>Cigna Healthcare</N102>
        </N1>
      </Loop>
      <Loop LoopID="N1" Name="Name">
        <N1>
          <N101>PR</N101>
          <N102>State of Texas HHS</N102>
        </N1>
      </Loop>
      <ENT>
        <ENT01>1</ENT01>
      </ENT>
      <Loop LoopID="RMR" Name="Remittance Advice Accounts Receivable O">
        <RMR>
          <RMR01>FR</RMR01>
          <RMR02>2347</RMR02>
          <RMR04>710.34</RMR04>
        </RMR>
        <REF>
          <REF01>WY</REF01>
          <REF02>3456</REF02>
        </REF>
        <REF>
          <REF01>BM</REF01>
          <REF02>578</REF02>
        </REF>
        <REF>
          <REF01>FR</REF01>
          <REF02>1345</REF02>
        </REF>
        <DTM>
          <DTM01>001</DTM01>
          <DTM02>20170501</DTM02>
        </DTM>
      </Loop>
      <ENT>
        <ENT01>2</ENT01>
      </ENT>
      <Loop LoopID="RMR" Name="Remittance Advice Accounts Receivable O">
        <RMR>
          <RMR01>FR</RMR01>
          <RMR02>2347</RMR02>
          <RMR04>710.34</RMR04>
        </RMR>
        <REF>
          <REF01>WY</REF01>
          <REF02>3456</REF02>
        </REF>
        <REF>
          <REF01>BM</REF01>
          <REF02>578</REF02>
        </REF>
        <REF>
          <REF01>FR</REF01>
          <REF02>1345</REF02>
        </REF>
        <DTM>
          <DTM01>001</DTM01>
          <DTM02>20170501</DTM02>
        </DTM>
      </Loop>
      <ENT>
        <ENT01>3</ENT01>
      </ENT>
      <Loop LoopID="RMR" Name="Remittance Advice Accounts Receivable O">
        <RMR>
          <RMR01>FR</RMR01>
          <RMR02>2347</RMR02>
          <RMR04>710.34</RMR04>
        </RMR>
        <REF>
          <REF01>WY</REF01>
          <REF02>3456</REF02>
        </REF>
        <REF>
          <REF01>BM</REF01>
          <REF02>578</REF02>
        </REF>
        <REF>
          <REF01>FR</REF01>
          <REF02>1345</REF02>
        </REF>
        <DTM>
          <DTM01>001</DTM01>
          <DTM02>20170501</DTM02>
        </DTM>
      </Loop>
      <SE>
        <SE01>26</SE01>
        <SE02>000000001</SE02>
      </SE>
    </Transaction>
    <Transaction>
      <ST>
        <ST01>820</ST01>
        <ST02>000000002</ST02>
      </ST>
      <BPR>
        <BPR01>C</BPR01>
        <BPR02>3281.44</BPR02>
        <BPR03>C</BPR03>
        <BPR04>ACH</BPR04>
        <BPR05>CTX</BPR05>
        <BPR06>01</BPR06>
        <BPR07>3487432</BPR07>
        <BPR08>DA</BPR08>
        <BPR09>089345</BPR09>
        <BPR10>834523</BPR10>
        <BPR12>DA</BPR12>
        <BPR13>3248520</BPR13>
        <BPR14>DA</BPR14>
        <BPR15>982345</BPR15>
        <BPR16>20170217</BPR16>
      </BPR>
      <TRN>
        <TRN01>1</TRN01>
        <TRN02>9087487203452</TRN02>
      </TRN>
      <REF>
        <REF01>CK</REF01>
        <REF02>234</REF02>
      </REF>
      <DTM>
        <DTM01>007</DTM01>
        <DTM02>20170217</DTM02>
      </DTM>
      <Loop LoopID="N1" Name="Name">
        <N1>
          <N101>PE</N101>
          <N102>Cigna Healthcare</N102>
        </N1>
      </Loop>
      <Loop LoopID="N1" Name="Name">
        <N1>
          <N101>PR</N101>
          <N102>State of Texas HHS</N102>
        </N1>
      </Loop>
      <ENT>
        <ENT01>1</ENT01>
      </ENT>
      <Loop LoopID="RMR" Name="Remittance Advice Accounts Receivable O">
        <RMR>
          <RMR01>FR</RMR01>
          <RMR02>2347</RMR02>
          <RMR04>710.34</RMR04>
        </RMR>
        <REF>
          <REF01>WY</REF01>
          <REF02>3456</REF02>
        </REF>
        <REF>
          <REF01>BM</REF01>
          <REF02>578</REF02>
        </REF>
        <REF>
          <REF01>FR</REF01>
          <REF02>1345</REF02>
        </REF>
        <DTM>
          <DTM01>001</DTM01>
          <DTM02>20170501</DTM02>
        </DTM>
      </Loop>
      <ENT>
        <ENT01>2</ENT01>
      </ENT>
      <Loop LoopID="RMR" Name="Remittance Advice Accounts Receivable O">
        <RMR>
          <RMR01>FR</RMR01>
          <RMR02>2347</RMR02>
          <RMR04>710.34</RMR04>
        </RMR>
        <REF>
          <REF01>WY</REF01>
          <REF02>3456</REF02>
        </REF>
        <REF>
          <REF01>BM</REF01>
          <REF02>578</REF02>
        </REF>
        <REF>
          <REF01>FR</REF01>
          <REF02>1345</REF02>
        </REF>
        <DTM>
          <DTM01>001</DTM01>
          <DTM02>20170501</DTM02>
        </DTM>
      </Loop>
      <ENT>
        <ENT01>3</ENT01>
      </ENT>
      <Loop LoopID="RMR" Name="Remittance Advice Accounts Receivable O">
        <RMR>
          <RMR01>FR</RMR01>
          <RMR02>2347</RMR02>
          <RMR04>710.34</RMR04>
        </RMR>
        <REF>
          <REF01>WY</REF01>
          <REF02>3456</REF02>
        </REF>
        <REF>
          <REF01>BM</REF01>
          <REF02>578</REF02>
        </REF>
        <REF>
          <REF01>FR</REF01>
          <REF02>1345</REF02>
        </REF>
        <DTM>
          <DTM01>001</DTM01>
          <DTM02>20170501</DTM02>
        </DTM>
      </Loop>
      <SE>
        <SE01>26</SE01>
        <SE02>000000002</SE02>
      </SE>
    </Transaction>
    <GE>
      <GE01>2</GE01>
      <GE02>0</GE02>
    </GE>
  </FunctionGroup>
  <IEA>
    <IEA01>1<IEA02>000000000</IEA02></IEA01>
  </IEA>
</Interchange>
