<Agreements>
	<Agreement>
		<Action>Create</Action>
		<AgreementID />
		<AgreementName>Blue Cross Blue Shield To State of Texas HHS 837I 4010 Inbound</AgreementName>
		<AuthorizationInformationQualifier>00</AuthorizationInformationQualifier>
		<AuthorizationInformation/>
		<SecurityInformationQualifier>00</SecurityInformationQualifier>
		<SecurityInformation/>
		<Partner Type="Sender">
			<InterchangeIDQualifier>ZZ</InterchangeIDQualifier>
			<InterchangeID>BCBS22334455667</InterchangeID>
		</Partner>
		<Partner Type="Receiver">
			<InterchangeIDQualifier>ZZ</InterchangeIDQualifier>
			<InterchangeID>TX3344556677889</InterchangeID>
		</Partner>
		<InterchangeStandardsID>U</InterchangeStandardsID>
		<InterchangeVersionID>00401</InterchangeVersionID>
		<InterchangeControlNumber>2381</InterchangeControlNumber>
		<AckRequested>1</AckRequested>
		<TestIndicator>T</TestIndicator>
		<SubElementSeparator>:</SubElementSeparator>
		<FunctionalIDCode>HC</FunctionalIDCode>
		<ApplicationSenderID>BCBSTX001122334</ApplicationSenderID>
		<ApplicationReceiverID>TX3344556677889</ApplicationReceiverID>
		<GroupControlNumber>21</GroupControlNumber>
		<ResponsibleAgencyCode>X</ResponsibleAgencyCode>
		<VersionReleaseIndustryIDCode>00401</VersionReleaseIndustryIDCode>
		<SegmentSeparator>~</SegmentSeparator>
		<ElementSeparator>*</ElementSeparator>
		<TransactionType>837_I</TransactionType>
		<Direction>Inbound</Direction>
		<Activated>false</Activated>
	</Agreement>
	<Agreement>
		<Action>Create</Action>
		<AgreementID />
		<AgreementName>Cigna Healthcare To State of Texas HHS 837P 4010 Inbound</AgreementName>
		<AuthorizationInformationQualifier>00</AuthorizationInformationQualifier>
		<AuthorizationInformation/>
		<SecurityInformationQualifier>00</SecurityInformationQualifier>
		<SecurityInformation/>
		<Partner Type="Sender">
			<InterchangeIDQualifier>ZZ</InterchangeIDQualifier>
			<InterchangeID>CIG112233445577</InterchangeID>
		</Partner>
		<Partner Type="Receiver">
			<InterchangeIDQualifier>ZZ</InterchangeIDQualifier>
			<InterchangeID>TX3344556677889</InterchangeID>
		</Partner>
		<InterchangeStandardsID>U</InterchangeStandardsID>
		<InterchangeVersionID>00401</InterchangeVersionID>
		<InterchangeControlNumber>44857</InterchangeControlNumber>
		<AckRequested>1</AckRequested>
		<TestIndicator>T</TestIndicator>
		<SubElementSeparator>:</SubElementSeparator>
		<FunctionalIDCode>HC</FunctionalIDCode>
		<ApplicationSenderID>CIG112233445577</ApplicationSenderID>
		<ApplicationReceiverID>TX3344556677889</ApplicationReceiverID>
		<GroupControlNumber>457</GroupControlNumber>
		<ResponsibleAgencyCode>X</ResponsibleAgencyCode>
		<VersionReleaseIndustryIDCode>00401</VersionReleaseIndustryIDCode>
		<SegmentSeparator>~</SegmentSeparator>
		<ElementSeparator>*</ElementSeparator>
		<TransactionType>837_P</TransactionType>
		<Direction>Inbound</Direction>
		<Activated>false</Activated>
	</Agreement>
	<Agreement>
		<Action>Create</Action>
		<AgreementID />
		<AgreementName>United Healthcare To State of Texas HHS 837I 4010 Inbound</AgreementName>
		<AuthorizationInformationQualifier>00</AuthorizationInformationQualifier>
		<AuthorizationInformation/>
		<SecurityInformationQualifier>00</SecurityInformationQualifier>
		<SecurityInformation/>
		<Partner Type="Sender">
			<InterchangeIDQualifier>ZZ</InterchangeIDQualifier>
			<InterchangeID>UHC001122334455</InterchangeID>
		</Partner>
		<Partner Type="Receiver">
			<InterchangeIDQualifier>ZZ</InterchangeIDQualifier>
			<InterchangeID>TX3344556677889</InterchangeID>
		</Partner>
		<InterchangeStandardsID>U</InterchangeStandardsID>
		<InterchangeVersionID>00401</InterchangeVersionID>
		<InterchangeControlNumber></InterchangeControlNumber>
		<AckRequested>1</AckRequested>
		<TestIndicator>T</TestIndicator>
		<SubElementSeparator>:</SubElementSeparator>
		<FunctionalIDCode>HC</FunctionalIDCode>
		<ApplicationSenderID>UHC001122334455</ApplicationSenderID>
		<ApplicationReceiverID>TX3344556677889</ApplicationReceiverID>
		<GroupControlNumber></GroupControlNumber>
		<ResponsibleAgencyCode>X</ResponsibleAgencyCode>
		<VersionReleaseIndustryIDCode>00401</VersionReleaseIndustryIDCode>
		<SegmentSeparator>~</SegmentSeparator>
		<ElementSeparator>*</ElementSeparator>
		<TransactionType>837_I</TransactionType>
		<Direction>Inbound</Direction>
		<Activated>false</Activated>
	</Agreement>
</Agreements>