<Interchange>
	<Group>
		<AgreementLookup>
			<SenderInterchangeID>TX3344556677888</SenderInterchangeID>
			<ReceiverInterchangeID>CIG112233445566</ReceiverInterchangeID>
			<InterchangeVersion>00401</InterchangeVersion>
			<TransactionType>820</TransactionType>
			<SenderGroupID>TX3344556677888</SenderGroupID>
			<ReceiverGroupID>CIG112233445577</ReceiverGroupID>
			<GroupVersion>00401</GroupVersion>
		</AgreementLookup>
		<Transaction>
			<Header>
				<TransactionHandlingCode>C</TransactionHandlingCode>
				<TotalPaymentAmount>3281.44</TotalPaymentAmount>
				<CreditDebitFlagCode>C</CreditDebitFlagCode>
				<PaymentMethodCode>ACH</PaymentMethodCode>
				<PaymentFormatCode>CTX</PaymentFormatCode>
				<PayerDFINumberQual>01</PayerDFINumberQual>
				<PayerDFINumber>3487432</PayerDFINumber>
				<PayerAccountNumberQual>DA</PayerAccountNumberQual>
				<PayerAccountNumber>089345</PayerAccountNumber>
				<OriginatingCompanyID>834523</OriginatingCompanyID>
				<PayeeDFINumberQual>DA</PayeeDFINumberQual>
				<PayeeDFINumber>3248520</PayeeDFINumber>
				<PayeeAccountNumberQual>DA</PayeeAccountNumberQual>
				<PayeeAccountNumber>982345</PayeeAccountNumber>
				<DFINumber>B30112GH81</DFINumber>
				<AccountNumber>0341023894587</AccountNumber>
				<PaymentEffectiveDate>20170217</PaymentEffectiveDate>
				<TraceTypeCode>1</TraceTypeCode>
				<TraceNumber>9087487203452</TraceNumber>
				<CheckNumberQual>CK</CheckNumberQual>
				<CheckNumber>234</CheckNumber>
			</Header>
			<Payer>
				<Name>State of Texas HHS</Name>
				<ID>98708778342</ID>
			</Payer>
			<Payee>
				<Name>Cigna Healthcare</Name>
				<ID>8349834143</ID>
			</Payee>
			<Items>
				<Item>
					<RMRQual>FR</RMRQual>
					<RMRID>2347</RMRID>
					<RMRAmount>710.34</RMRAmount>
					<REFIDQual>WY</REFIDQual>
					<REFID>3456</REFID>
					<REFIDQual2>BM</REFIDQual2>
					<REFID2>578</REFID2>
					<REFIDQual3>FR</REFIDQual3>
					<REFID3>1345</REFID3>
					<DTMQual>001</DTMQual>
					<DTM>20170501</DTM>
				</Item>
				<Item>
					<RMRQual>FR</RMRQual>
					<RMRID>2347</RMRID>
					<RMRAmount>710.34</RMRAmount>
					<REFIDQual>WY</REFIDQual>
					<REFID>3456</REFID>
					<REFIDQual2>BM</REFIDQual2>
					<REFID2>578</REFID2>
					<REFIDQual3>FR</REFIDQual3>
					<REFID3>1345</REFID3>
					<DTMQual>001</DTMQual>
					<DTM>20170501</DTM>
				</Item>
				<Item>
					<RMRQual>FR</RMRQual>
					<RMRID>2347</RMRID>
					<RMRAmount>710.34</RMRAmount>
					<REFIDQual>WY</REFIDQual>
					<REFID>3456</REFID>
					<REFIDQual2>BM</REFIDQual2>
					<REFID2>578</REFID2>
					<REFIDQual3>FR</REFIDQual3>
					<REFID3>1345</REFID3>
					<DTMQual>001</DTMQual>
					<DTM>20170501</DTM>
				</Item>
			</Items>
		</Transaction>
		<Transaction>
			<Header>
				<TransactionHandlingCode>C</TransactionHandlingCode>
				<TotalPaymentAmount>3281.44</TotalPaymentAmount>
				<CreditDebitFlagCode>C</CreditDebitFlagCode>
				<PaymentMethodCode>ACH</PaymentMethodCode>
				<PaymentFormatCode>CTX</PaymentFormatCode>
				<PayerDFINumberQual>01</PayerDFINumberQual>
				<PayerDFINumber>3487432</PayerDFINumber>
				<PayerAccountNumberQual>DA</PayerAccountNumberQual>
				<PayerAccountNumber>089345</PayerAccountNumber>
				<OriginatingCompanyID>834523</OriginatingCompanyID>
				<PayeeDFINumberQual>DA</PayeeDFINumberQual>
				<PayeeDFINumber>3248520</PayeeDFINumber>
				<PayeeAccountNumberQual>DA</PayeeAccountNumberQual>
				<PayeeAccountNumber>982345</PayeeAccountNumber>
				<DFINumber>B30112GH81</DFINumber>
				<AccountNumber>0341023894587</AccountNumber>
				<PaymentEffectiveDate>20170217</PaymentEffectiveDate>
				<TraceTypeCode>1</TraceTypeCode>
				<TraceNumber>9087487203452</TraceNumber>
				<CheckNumberQual>CK</CheckNumberQual>
				<CheckNumber>234</CheckNumber>
			</Header>
			<Payer>
				<Name>State of Texas HHS</Name>
				<ID>98708778342</ID>
			</Payer>
			<Payee>
				<Name>Cigna Healthcare</Name>
				<ID>8349834143</ID>
			</Payee>
			<Items>
				<Item>
					<RMRQual>FR</RMRQual>
					<RMRID>2347</RMRID>
					<RMRAmount>710.34</RMRAmount>
					<REFIDQual>WY</REFIDQual>
					<REFID>3456</REFID>
					<REFIDQual2>BM</REFIDQual2>
					<REFID2>578</REFID2>
					<REFIDQual3>FR</REFIDQual3>
					<REFID3>1345</REFID3>
					<DTMQual>001</DTMQual>
					<DTM>20170501</DTM>
				</Item>
				<Item>
					<RMRQual>FR</RMRQual>
					<RMRID>2347</RMRID>
					<RMRAmount>710.34</RMRAmount>
					<REFIDQual>WY</REFIDQual>
					<REFID>3456</REFID>
					<REFIDQual2>BM</REFIDQual2>
					<REFID2>578</REFID2>
					<REFIDQual3>FR</REFIDQual3>
					<REFID3>1345</REFID3>
					<DTMQual>001</DTMQual>
					<DTM>20170501</DTM>
				</Item>
				<Item>
					<RMRQual>FR</RMRQual>
					<RMRID>2347</RMRID>
					<RMRAmount>710.34</RMRAmount>
					<REFIDQual>WY</REFIDQual>
					<REFID>3456</REFID>
					<REFIDQual2>BM</REFIDQual2>
					<REFID2>578</REFID2>
					<REFIDQual3>FR</REFIDQual3>
					<REFID3>1345</REFID3>
					<DTMQual>001</DTMQual>
					<DTM>20170501</DTM>
				</Item>
			</Items>
		</Transaction>
	</Group>
</Interchange>