<Partners>
	<Partner>
		<Action>Update</Action>
		<PartnerID>C17976F6-F775-4188-B176-99DB13455C04</PartnerID>
		<PartnerName>Cigna Healthcare</PartnerName>
		<InterchangeIDQualifier>ZZ</InterchangeIDQualifier>
		<InterchangeID>CIG112233445577</InterchangeID>
		<Activated>false</Activated>
		<FunctionalGroups>
			<FunctionalGroup>
				<GroupID>84FBD15A-4802-4196-9EFE-DB89C8DB564B</GroupID>
				<GroupName>Cigna Health</GroupName>
				<FunctionalGroupID>CIG112233445577</FunctionalGroupID>
				<Activated>false</Activated>
			</FunctionalGroup>
		</FunctionalGroups>
	</Partner>
</Partners>