<Partners>
	<Partner>
		<Action>Create</Action>
		<PartnerName>Cigna Healthcare</PartnerName>
		<InterchangeIDQualifier>ZZ</InterchangeIDQualifier>
		<InterchangeID>CIG112233445566</InterchangeID>
		<Activated>false</Activated>
		<FunctionalGroups>
			<FunctionalGroup>
				<GroupName>Cigna Health</GroupName>
				<FunctionalGroupID>CIG112233445566</FunctionalGroupID>
				<Activated>false</Activated>
			</FunctionalGroup>
		</FunctionalGroups>
	</Partner>
	<Partner>
		<Action>Create</Action>
		<PartnerName>United Healthcare</PartnerName>
		<InterchangeIDQualifier>ZZ</InterchangeIDQualifier>
		<InterchangeID>UHC001122334455</InterchangeID>
		<Activated>false</Activated>
		<FunctionalGroups>
			<FunctionalGroup>
				<GroupName>United Health</GroupName>
				<FunctionalGroupID>UHC001122334455</FunctionalGroupID>
				<Activated>false</Activated>
			</FunctionalGroup>
		</FunctionalGroups>
	</Partner>
	<Partner>
		<Action>Create</Action>
		<PartnerName>Blue Cross Blue Shield</PartnerName>
		<InterchangeIDQualifier>ZZ</InterchangeIDQualifier>
		<InterchangeID>BCBS22334455667</InterchangeID>
		<Activated>false</Activated>
		<FunctionalGroups>
			<FunctionalGroup>
				<GroupName>BCBS Texas</GroupName>
				<FunctionalGroupID>BCBSTX001122334</FunctionalGroupID>
				<Activated>false</Activated>
			</FunctionalGroup>
			<FunctionalGroup>
				<GroupName>BCBS Louisiana</GroupName>
				<FunctionalGroupID>BCBSLA334455667</FunctionalGroupID>
				<Activated>false</Activated>
			</FunctionalGroup>
			<FunctionalGroup>
				<GroupName>BCBS Oklahoma</GroupName>
				<FunctionalGroupID>BCBSOK334455667</FunctionalGroupID>
				<Activated>false</Activated>
			</FunctionalGroup>
			<FunctionalGroup>
				<GroupName>BCBS New Mexico</GroupName>
				<FunctionalGroupID>BCBSNM334455667</FunctionalGroupID>
				<Activated>false</Activated>
			</FunctionalGroup>
		</FunctionalGroups>
	</Partner>
	<Partner>
		<Action>Create</Action>
		<PartnerName>State of Texas HHS</PartnerName>
		<InterchangeIDQualifier>ZZ</InterchangeIDQualifier>
		<InterchangeID>TX3344556677889</InterchangeID>
		<Activated>false</Activated>
		<FunctionalGroups>
			<FunctionalGroup>
				<GroupName>State of Texas</GroupName>
				<FunctionalGroupID>TX3344556677889</FunctionalGroupID>
				<Activated>false</Activated>
			</FunctionalGroup>
		</FunctionalGroups>
	</Partner>
</Partners>