<tpAgreements xmlns:tpa="http://neuron.edi.tpa">
	<Agreement>
		<Sender>
		    <Action>None</Action>
		    <SenderName>ABCSender</SenderName>
			<NewSenderName></NewSenderName>
			<SenderQual>01</SenderQual>
			<NewSenderQual></NewSenderQual>
			<SenderId>ABC123</SenderId>
			<NewSenderId></NewSenderId>
			<NewInterchangeCtlNum></NewInterchangeCtlNum>
			<NewGroupCtlNum></NewGroupCtlNum>
		</Sender>
		<Receiver>
		    <Action>None</Action>
		    <ReceiverName>BCDReceiver</ReceiverName>
			<NewReceiverName></NewReceiverName>
			<ReceiverQual>01</ReceiverQual>
			<NewReceiverQual></NewReceiverQual>
			<ReceiverId>BCD234</ReceiverId>
			<NewReceiverId></NewReceiverId>
			<ReceiverGroupId>BCD234</ReceiverGroupId>
			<NewReceiverGroupId></NewReceiverGroupId>
		</Receiver>
		<Action>Update</Action>
		<TransactionType>856</TransactionType>
		<NewTransactionType>850</NewTransactionType>
		<Direction>IN</Direction>
		<NewDirection></NewDirection>
		<Version>00401</Version>
		<NewVersion></NewVersion>
		<ElementSeparator></ElementSeparator>
		<NewelementSeparator></NewelementSeparator>
		<SubElementSeparator></SubElementSeparator>
		<NewSubElementSeparator></NewSubElementSeparator>
		<SegmentTerminator></SegmentTerminator>
		<NewSegmentTerminator></NewSegmentTerminator>
	</Agreement>
</tpAgreements>