<?xml version="1.0"?>
<ESBEndpoint xmlns:xsd="http://www.w3.org/2001/XMLSchema" xmlns:xsi="http://www.w3.org/2001/XMLSchema-instance">
  <Id>0d5a8ca7-9934-4acd-b4a8-0275d51fc404</Id>
  <Version>af3ef5ce-8d55-46a0-91d5-0d1e2cdf3aca</Version>
  <BusinessFlows />
  <Description />
  <Name>AEP.File.EDI.820</Name>
  <Group>General</Group>
  <IsSystemObject>false</IsSystemObject>
  <Bindings />
  <FarmSingleInstance>false</FarmSingleInstance>
  <Enabled>true</Enabled>
  <Zone>Enterprise</Zone>
  <IncludeMetadata>true</IncludeMetadata>
  <AdapterName>FileAdapter</AdapterName>
  <AdapterMode>Publish</AdapterMode>
  <Properties>
    <NameValuePair>
      <Name>Folder</Name>
      <Value>C:\Users\frank.desimone\Documents\Neuron Projects\Neuron EDI\FileDrops\EDI\In\820</Value>
    </NameValuePair>
    <NameValuePair>
      <Name>FileType</Name>
      <Value>*.xml</Value>
    </NameValuePair>
    <NameValuePair>
      <Name>FileDetection</Name>
      <Value>FolderEvents</Value>
    </NameValuePair>
    <NameValuePair>
      <Name>PollingInterval</Name>
      <Value>60</Value>
    </NameValuePair>
    <NameValuePair>
      <Name>FileSortByField</Name>
      <Value>None</Value>
    </NameValuePair>
    <NameValuePair>
      <Name>FileSortOrderField</Name>
      <Value>Ascending</Value>
    </NameValuePair>
    <NameValuePair>
      <Name>FileAgeFilter</Name>
      <Value>00:00:00</Value>
    </NameValuePair>
    <NameValuePair>
      <Name>SendTopic</Name>
      <Value>EDI.Outbound</Value>
    </NameValuePair>
    <NameValuePair>
      <Name>RemoveBOM</Name>
      <Value>False</Value>
    </NameValuePair>
    <NameValuePair>
      <Name>SuppressFailedExtensions</Name>
      <Value>False</Value>
    </NameValuePair>
    <NameValuePair>
      <Name>ProcessZeroBytes</Name>
      <Value>False</Value>
    </NameValuePair>
    <NameValuePair>
      <Name>MetadataOnly</Name>
      <Value>False</Value>
    </NameValuePair>
    <NameValuePair>
      <Name>ArchiveOnGet</Name>
      <Value>False</Value>
    </NameValuePair>
    <NameValuePair>
      <Name>ArchiveFolder</Name>
      <Value />
    </NameValuePair>
    <NameValuePair>
      <Name>ArchiveCreateSubfolders</Name>
      <Value>False</Value>
    </NameValuePair>
    <NameValuePair>
      <Name>RecursiveGet</Name>
      <Value>False</Value>
    </NameValuePair>
    <NameValuePair>
      <Name>OverrideEncoding</Name>
      <Value>Default</Value>
    </NameValuePair>
    <NameValuePair>
      <Name>ErrorMode</Name>
      <Value>Error</Value>
    </NameValuePair>
    <NameValuePair>
      <Name>ErrorHandling</Name>
      <Value>StopPollingOnError</Value>
    </NameValuePair>
    <NameValuePair>
      <Name>CreateFolderPath</Name>
      <Value>True</Value>
    </NameValuePair>
    <NameValuePair>
      <Name>FileEncoding</Name>
      <Value>Default</Value>
    </NameValuePair>
    <NameValuePair>
      <Name>FileWriteOption</Name>
      <Value>Create</Value>
    </NameValuePair>
    <NameValuePair>
      <Name>DisableWriteThruCache</Name>
      <Value>False</Value>
    </NameValuePair>
  </Properties>
  <AdapterBindings />
  <PartyId>Pub.Outbound.X12</PartyId>
  <RunAs />
  <AdapterPolicy>Default</AdapterPolicy>
</ESBEndpoint>